Day of Week Ending,Lineage Bin,Modeltype,Usa Or Hhsregion,Variant,95CI,Share
08-May-21,VOC,weighted,USA,B.1.617.2,1.3-2.1%,0.016683605
08-May-21,VOC,weighted,USA,B.1.1.529,,0
08-May-21,VOC,weighted,1,B.1.617.2,1.1-2.1%,0.015262251
08-May-21,VOC,weighted,1,B.1.1.529,,0
08-May-21,VOC,weighted,2,B.1.617.2,0.9-4.1%,0.020738577
08-May-21,VOC,weighted,2,B.1.1.529,,0
08-May-21,VOC,weighted,3,B.1.617.2,0.3-1.3%,0.006847575
08-May-21,VOC,weighted,3,B.1.1.529,,0
08-May-21,VOC,weighted,4,B.1.617.2,1.1-2.7%,0.017963726
08-May-21,VOC,weighted,4,B.1.1.529,,0
08-May-21,VOC,weighted,5,B.1.617.2,0.6-1.5%,0.009359216
08-May-21,VOC,weighted,5,B.1.1.529,,0
08-May-21,VOC,weighted,6,B.1.617.2,1.3-3.7%,0.022867464
08-May-21,VOC,weighted,6,B.1.1.529,,0
08-May-21,VOC,weighted,7,B.1.617.2,0.1-2.7%,0.006441358
08-May-21,VOC,weighted,7,B.1.1.529,,0
08-May-21,VOC,weighted,8,B.1.617.2,1.9-4.9%,0.03134219
08-May-21,VOC,weighted,8,B.1.1.529,,0
08-May-21,VOC,weighted,9,B.1.617.2,1.5-5.3%,0.02957545
08-May-21,VOC,weighted,9,B.1.1.529,,0
08-May-21,VOC,weighted,10,B.1.617.2,0.3-4.6%,0.015006829
08-May-21,VOC,weighted,10,B.1.1.529,,0
08-May-21,Other,weighted,USA,Other*,97.9-98.7%,0.983316422
08-May-21,Other,weighted,1,Other*,97.9-98.9%,0.984737754
08-May-21,Other,weighted,2,Other*,95.9-99.1%,0.979261398
08-May-21,Other,weighted,3,Other*,98.7-99.7%,0.99315244
08-May-21,Other,weighted,4,Other*,97.3-98.9%,0.982036293
08-May-21,Other,weighted,5,Other*,98.5-99.4%,0.990640759
08-May-21,Other,weighted,6,Other*,96.3-98.7%,0.977132559
08-May-21,Other,weighted,7,Other*,97.3-99.9%,0.993558645
08-May-21,Other,weighted,8,Other*,95.1-98.1%,0.968657792
08-May-21,Other,weighted,9,Other*,94.7-98.5%,0.970424533
08-May-21,Other,weighted,10,Other*,95.4-99.7%,0.98499316
15-May-21,VOC,weighted,USA,B.1.617.2,1.9-3.1%,0.024057858
15-May-21,VOC,weighted,USA,B.1.1.529,,0
15-May-21,VOC,weighted,1,B.1.617.2,1.4-3.9%,0.024413828
15-May-21,VOC,weighted,1,B.1.1.529,,0
15-May-21,VOC,weighted,2,B.1.617.2,1.5-6.9%,0.035546117
15-May-21,VOC,weighted,2,B.1.1.529,,0
15-May-21,VOC,weighted,3,B.1.617.2,0.4-2.0%,0.010230729
15-May-21,VOC,weighted,3,B.1.1.529,,0
15-May-21,VOC,weighted,4,B.1.617.2,0.6-2.7%,0.013809282
15-May-21,VOC,weighted,4,B.1.1.529,,0
15-May-21,VOC,weighted,5,B.1.617.2,0.9-2.7%,0.016547482
15-May-21,VOC,weighted,5,B.1.1.529,,0
15-May-21,VOC,weighted,6,B.1.617.2,1.7-4.4%,0.028747711
15-May-21,VOC,weighted,6,B.1.1.529,,0
15-May-21,VOC,weighted,7,B.1.617.2,0.7-7.2%,0.027410995
15-May-21,VOC,weighted,7,B.1.1.529,,0
15-May-21,VOC,weighted,8,B.1.617.2,4.4-10.9%,0.071794823
15-May-21,VOC,weighted,8,B.1.1.529,,0
15-May-21,VOC,weighted,9,B.1.617.2,2.4-4.9%,0.034934167
15-May-21,VOC,weighted,9,B.1.1.529,,0
15-May-21,VOC,weighted,10,B.1.617.2,0.4-6.1%,0.021127112
15-May-21,VOC,weighted,10,B.1.1.529,,0
15-May-21,Other,weighted,USA,Other*,96.9-98.1%,0.975942135
15-May-21,Other,weighted,1,Other*,96.1-98.6%,0.975586176
15-May-21,Other,weighted,2,Other*,93.1-98.5%,0.964453876
15-May-21,Other,weighted,3,Other*,98.0-99.6%,0.98976928
15-May-21,Other,weighted,4,Other*,97.3-99.4%,0.986190736
15-May-21,Other,weighted,5,Other*,97.3-99.1%,0.983452499
15-May-21,Other,weighted,6,Other*,95.6-98.3%,0.971252263
15-May-21,Other,weighted,7,Other*,92.8-99.3%,0.972589016
15-May-21,Other,weighted,8,Other*,89.1-95.6%,0.928205192
15-May-21,Other,weighted,9,Other*,95.1-97.6%,0.965065837
15-May-21,Other,weighted,10,Other*,93.9-99.6%,0.978872895
22-May-21,VOC,weighted,USA,B.1.617.2,3.2-5.0%,0.039904807
22-May-21,VOC,weighted,USA,B.1.1.529,,0
22-May-21,VOC,weighted,1,B.1.617.2,3.0-6.5%,0.044928335
22-May-21,VOC,weighted,1,B.1.1.529,,0
22-May-21,VOC,weighted,2,B.1.617.2,1.1-10.2%,0.041262124
22-May-21,VOC,weighted,2,B.1.1.529,,0
22-May-21,VOC,weighted,3,B.1.617.2,1.2-3.7%,0.021904318
22-May-21,VOC,weighted,3,B.1.1.529,,0
22-May-21,VOC,weighted,4,B.1.617.2,1.2-3.5%,0.021594467
22-May-21,VOC,weighted,4,B.1.1.529,,0
22-May-21,VOC,weighted,5,B.1.617.2,1.5-4.8%,0.028313225
22-May-21,VOC,weighted,5,B.1.1.529,,0
22-May-21,VOC,weighted,6,B.1.617.2,3.7-8.2%,0.056681413
22-May-21,VOC,weighted,6,B.1.1.529,,0
22-May-21,VOC,weighted,7,B.1.617.2,5.4-30.2%,0.14847146
22-May-21,VOC,weighted,7,B.1.1.529,,0
22-May-21,VOC,weighted,8,B.1.617.2,6.1-11.1%,0.083187394
22-May-21,VOC,weighted,8,B.1.1.529,,0
22-May-21,VOC,weighted,9,B.1.617.2,2.1-6.0%,0.036743082
22-May-21,VOC,weighted,9,B.1.1.529,,0
22-May-21,VOC,weighted,10,B.1.617.2,0.7-7.8%,0.029481687
22-May-21,VOC,weighted,10,B.1.1.529,,0
22-May-21,Other,weighted,USA,Other*,95.0-96.8%,0.960095167
22-May-21,Other,weighted,1,Other*,93.5-97.0%,0.955071688
22-May-21,Other,weighted,2,Other*,89.8-98.9%,0.95873785
22-May-21,Other,weighted,3,Other*,96.3-98.8%,0.97809571
22-May-21,Other,weighted,4,Other*,96.5-98.8%,0.978405535
22-May-21,Other,weighted,5,Other*,95.2-98.5%,0.97168678
22-May-21,Other,weighted,6,Other*,91.8-96.3%,0.943318605
22-May-21,Other,weighted,7,Other*,69.8-94.6%,0.851528525
22-May-21,Other,weighted,8,Other*,88.9-93.9%,0.916812599
22-May-21,Other,weighted,9,Other*,94.0-97.9%,0.963256896
22-May-21,Other,weighted,10,Other*,92.2-99.3%,0.970518291
29-May-21,VOC,weighted,USA,B.1.617.2,5.8-9.3%,0.07417997
29-May-21,VOC,weighted,USA,B.1.1.529,,0
29-May-21,VOC,weighted,1,B.1.617.2,4.1-9.2%,0.06324628
29-May-21,VOC,weighted,1,B.1.1.529,,0
29-May-21,VOC,weighted,2,B.1.617.2,2.1-18.0%,0.075141713
29-May-21,VOC,weighted,2,B.1.1.529,,0
29-May-21,VOC,weighted,3,B.1.617.2,1.0-4.4%,0.022986349
29-May-21,VOC,weighted,3,B.1.1.529,,0
29-May-21,VOC,weighted,4,B.1.617.2,1.7-4.6%,0.02883208
29-May-21,VOC,weighted,4,B.1.1.529,,0
29-May-21,VOC,weighted,5,B.1.617.2,2.7-9.0%,0.05227166
29-May-21,VOC,weighted,5,B.1.1.529,,0
29-May-21,VOC,weighted,6,B.1.617.2,5.4-10.8%,0.078120671
29-May-21,VOC,weighted,6,B.1.1.529,,0
29-May-21,VOC,weighted,7,B.1.617.2,7.8-47.1%,0.234232813
29-May-21,VOC,weighted,7,B.1.1.529,,0
29-May-21,VOC,weighted,8,B.1.617.2,16.1-29.3%,0.222029284
29-May-21,VOC,weighted,8,B.1.1.529,,0
29-May-21,VOC,weighted,9,B.1.617.2,8.2-14.9%,0.112218104
29-May-21,VOC,weighted,9,B.1.1.529,,0
29-May-21,VOC,weighted,10,B.1.617.2,2.2-7.8%,0.043899689
29-May-21,VOC,weighted,10,B.1.1.529,,0
29-May-21,Other,weighted,USA,Other*,90.7-94.2%,0.925820053
29-May-21,Other,weighted,1,Other*,90.8-95.9%,0.93675375
29-May-21,Other,weighted,2,Other*,82.0-97.9%,0.924858272
29-May-21,Other,weighted,3,Other*,95.6-99.0%,0.977013648
29-May-21,Other,weighted,4,Other*,95.4-98.3%,0.971167922
29-May-21,Other,weighted,5,Other*,91.0-97.3%,0.947728336
29-May-21,Other,weighted,6,Other*,89.2-94.6%,0.921879351
29-May-21,Other,weighted,7,Other*,52.9-92.2%,0.765767217
29-May-21,Other,weighted,8,Other*,70.7-83.9%,0.777970731
29-May-21,Other,weighted,9,Other*,85.1-91.8%,0.887781918
29-May-21,Other,weighted,10,Other*,92.2-97.8%,0.956100285
05-Jun-21,VOC,weighted,USA,B.1.617.2,11.5-18.4%,0.14686422
05-Jun-21,VOC,weighted,USA,B.1.1.529,,0
05-Jun-21,VOC,weighted,1,B.1.617.2,3.8-13.6%,0.077131584
05-Jun-21,VOC,weighted,1,B.1.1.529,,0
05-Jun-21,VOC,weighted,2,B.1.617.2,4.9-30.1%,0.142998606
05-Jun-21,VOC,weighted,2,B.1.1.529,,0
05-Jun-21,VOC,weighted,3,B.1.617.2,3.0-9.1%,0.055220816
05-Jun-21,VOC,weighted,3,B.1.1.529,,0
05-Jun-21,VOC,weighted,4,B.1.617.2,3.8-8.9%,0.05969787
05-Jun-21,VOC,weighted,4,B.1.1.529,,0
05-Jun-21,VOC,weighted,5,B.1.617.2,4.6-16.6%,0.094142169
05-Jun-21,VOC,weighted,5,B.1.1.529,,0
05-Jun-21,VOC,weighted,6,B.1.617.2,15.0-23.0%,0.187669069
05-Jun-21,VOC,weighted,6,B.1.1.529,,0
05-Jun-21,VOC,weighted,7,B.1.617.2,31.4-62.0%,0.464848578
05-Jun-21,VOC,weighted,7,B.1.1.529,,0
05-Jun-21,VOC,weighted,8,B.1.617.2,24.4-42.2%,0.328449756
05-Jun-21,VOC,weighted,8,B.1.1.529,,0
05-Jun-21,VOC,weighted,9,B.1.617.2,12.6-30.6%,0.205494404
05-Jun-21,VOC,weighted,9,B.1.1.529,,0
05-Jun-21,VOC,weighted,10,B.1.617.2,4.3-16.2%,0.090626195
05-Jun-21,VOC,weighted,10,B.1.1.529,,0
05-Jun-21,Other,weighted,USA,Other*,81.6-88.5%,0.853135765
05-Jun-21,Other,weighted,1,Other*,86.4-96.2%,0.922868431
05-Jun-21,Other,weighted,2,Other*,69.9-95.1%,0.857001364
05-Jun-21,Other,weighted,3,Other*,90.9-97.0%,0.944779158
05-Jun-21,Other,weighted,4,Other*,91.1-96.2%,0.940302134
05-Jun-21,Other,weighted,5,Other*,83.4-95.4%,0.905857801
05-Jun-21,Other,weighted,6,Other*,77.0-85.0%,0.812330961
05-Jun-21,Other,weighted,7,Other*,38.0-68.6%,0.535151422
05-Jun-21,Other,weighted,8,Other*,57.8-75.6%,0.671550214
05-Jun-21,Other,weighted,9,Other*,69.4-87.4%,0.794505596
05-Jun-21,Other,weighted,10,Other*,83.8-95.7%,0.90937382
12-Jun-21,VOC,weighted,USA,B.1.617.2,22.0-30.8%,0.262358248
12-Jun-21,VOC,weighted,USA,B.1.1.529,,0
12-Jun-21,VOC,weighted,1,B.1.617.2,2.8-8.4%,0.051008377
12-Jun-21,VOC,weighted,1,B.1.1.529,,0
12-Jun-21,VOC,weighted,2,B.1.617.2,20.4-36.1%,0.277262807
12-Jun-21,VOC,weighted,2,B.1.1.529,,0
12-Jun-21,VOC,weighted,3,B.1.617.2,4.6-13.8%,0.083624728
12-Jun-21,VOC,weighted,3,B.1.1.529,,0
12-Jun-21,VOC,weighted,4,B.1.617.2,12.4-21.5%,0.165531054
12-Jun-21,VOC,weighted,4,B.1.1.529,,0
12-Jun-21,VOC,weighted,5,B.1.617.2,14.1-24.2%,0.187937811
12-Jun-21,VOC,weighted,5,B.1.1.529,,0
12-Jun-21,VOC,weighted,6,B.1.617.2,21.2-37.7%,0.289542973
12-Jun-21,VOC,weighted,6,B.1.1.529,,0
12-Jun-21,VOC,weighted,7,B.1.617.2,62.5-79.9%,0.717715442
12-Jun-21,VOC,weighted,7,B.1.1.529,,0
12-Jun-21,VOC,weighted,8,B.1.617.2,41.4-63.1%,0.523007035
12-Jun-21,VOC,weighted,8,B.1.1.529,,0
12-Jun-21,VOC,weighted,9,B.1.617.2,20.6-38.9%,0.291540354
12-Jun-21,VOC,weighted,9,B.1.1.529,,0
12-Jun-21,VOC,weighted,10,B.1.617.2,4.4-27.4%,0.129126281
12-Jun-21,VOC,weighted,10,B.1.1.529,,0
12-Jun-21,Other,weighted,USA,Other*,69.2-78.0%,0.737641752
12-Jun-21,Other,weighted,1,Other*,91.6-97.2%,0.948991597
12-Jun-21,Other,weighted,2,Other*,63.9-79.6%,0.722737193
12-Jun-21,Other,weighted,3,Other*,86.2-95.4%,0.916375279
12-Jun-21,Other,weighted,4,Other*,78.5-87.6%,0.834468961
12-Jun-21,Other,weighted,5,Other*,75.8-85.9%,0.812062204
12-Jun-21,Other,weighted,6,Other*,62.3-78.8%,0.710457027
12-Jun-21,Other,weighted,7,Other*,20.1-37.5%,0.282284588
12-Jun-21,Other,weighted,8,Other*,36.9-58.6%,0.476992935
12-Jun-21,Other,weighted,9,Other*,61.1-79.4%,0.708459616
12-Jun-21,Other,weighted,10,Other*,72.6-95.6%,0.870873749
19-Jun-21,VOC,weighted,USA,B.1.617.2,32.6-42.7%,0.375475138
19-Jun-21,VOC,weighted,USA,B.1.1.529,,0
19-Jun-21,VOC,weighted,1,B.1.617.2,17.5-31.1%,0.23831664
19-Jun-21,VOC,weighted,1,B.1.1.529,,0
19-Jun-21,VOC,weighted,2,B.1.617.2,27.1-50.6%,0.383674771
19-Jun-21,VOC,weighted,2,B.1.1.529,,0
19-Jun-21,VOC,weighted,3,B.1.617.2,9.6-25.4%,0.164303869
19-Jun-21,VOC,weighted,3,B.1.1.529,,0
19-Jun-21,VOC,weighted,4,B.1.617.2,21.2-30.0%,0.25412187
19-Jun-21,VOC,weighted,4,B.1.1.529,,0
19-Jun-21,VOC,weighted,5,B.1.617.2,22.8-41.1%,0.313954294
19-Jun-21,VOC,weighted,5,B.1.1.529,,0
19-Jun-21,VOC,weighted,6,B.1.617.2,29.6-47.4%,0.382092476
19-Jun-21,VOC,weighted,6,B.1.1.529,,0
19-Jun-21,VOC,weighted,7,B.1.617.2,62.9-89.7%,0.784605801
19-Jun-21,VOC,weighted,7,B.1.1.529,,0
19-Jun-21,VOC,weighted,8,B.1.617.2,47.5-73.1%,0.608520389
19-Jun-21,VOC,weighted,8,B.1.1.529,,0
19-Jun-21,VOC,weighted,9,B.1.617.2,37.9-51.6%,0.446544588
19-Jun-21,VOC,weighted,9,B.1.1.529,,0
19-Jun-21,VOC,weighted,10,B.1.617.2,10.0-32.9%,0.196663827
19-Jun-21,VOC,weighted,10,B.1.1.529,,0
19-Jun-21,Other,weighted,USA,Other*,57.3-67.4%,0.624524891
19-Jun-21,Other,weighted,1,Other*,68.9-82.5%,0.761683345
19-Jun-21,Other,weighted,2,Other*,49.4-72.9%,0.616325259
19-Jun-21,Other,weighted,3,Other*,74.6-90.4%,0.835696161
19-Jun-21,Other,weighted,4,Other*,70.0-78.8%,0.7458781
19-Jun-21,Other,weighted,5,Other*,58.9-77.2%,0.686045706
19-Jun-21,Other,weighted,6,Other*,52.6-70.4%,0.617907524
19-Jun-21,Other,weighted,7,Other*,10.3-37.1%,0.215394184
19-Jun-21,Other,weighted,8,Other*,26.9-52.5%,0.391479641
19-Jun-21,Other,weighted,9,Other*,48.4-62.1%,0.553455412
19-Jun-21,Other,weighted,10,Other*,67.1-90.0%,0.803336203
26-Jun-21,VOC,weighted,USA,B.1.617.2,49.9-59.6%,0.548024893
26-Jun-21,VOC,weighted,USA,B.1.1.529,,0
26-Jun-21,VOC,weighted,1,B.1.617.2,25.8-45.9%,0.353743255
26-Jun-21,VOC,weighted,1,B.1.1.529,,0
26-Jun-21,VOC,weighted,2,B.1.617.2,35.7-72.7%,0.546450436
26-Jun-21,VOC,weighted,2,B.1.1.529,,0
26-Jun-21,VOC,weighted,3,B.1.617.2,22.5-73.9%,0.477528542
26-Jun-21,VOC,weighted,3,B.1.1.529,,0
26-Jun-21,VOC,weighted,4,B.1.617.2,38.4-47.2%,0.42768091
26-Jun-21,VOC,weighted,4,B.1.1.529,,0
26-Jun-21,VOC,weighted,5,B.1.617.2,40.6-60.8%,0.507089376
26-Jun-21,VOC,weighted,5,B.1.1.529,,0
26-Jun-21,VOC,weighted,6,B.1.617.2,48.8-59.5%,0.542113602
26-Jun-21,VOC,weighted,6,B.1.1.529,,0
26-Jun-21,VOC,weighted,7,B.1.617.2,73.1-96.1%,0.877785683
26-Jun-21,VOC,weighted,7,B.1.1.529,,0
26-Jun-21,VOC,weighted,8,B.1.617.2,66.0-86.2%,0.772342443
26-Jun-21,VOC,weighted,8,B.1.1.529,,0
26-Jun-21,VOC,weighted,9,B.1.617.2,51.5-68.6%,0.603131175
26-Jun-21,VOC,weighted,9,B.1.1.529,,0
26-Jun-21,VOC,weighted,10,B.1.617.2,17.1-55.3%,0.343509316
26-Jun-21,VOC,weighted,10,B.1.1.529,,0
26-Jun-21,Other,weighted,USA,Other*,40.4-50.1%,0.451975077
26-Jun-21,Other,weighted,1,Other*,54.1-74.2%,0.646256745
26-Jun-21,Other,weighted,2,Other*,27.3-64.3%,0.453549564
26-Jun-21,Other,weighted,3,Other*,26.1-77.5%,0.522471428
26-Jun-21,Other,weighted,4,Other*,52.8-61.6%,0.57231909
26-Jun-21,Other,weighted,5,Other*,39.2-59.4%,0.492910624
26-Jun-21,Other,weighted,6,Other*,40.5-51.2%,0.457886368
26-Jun-21,Other,weighted,7,Other*,3.9-26.9%,0.122214332
26-Jun-21,Other,weighted,8,Other*,13.8-34.0%,0.227657542
26-Jun-21,Other,weighted,9,Other*,31.4-48.5%,0.396868795
26-Jun-21,Other,weighted,10,Other*,44.7-82.9%,0.656490684
03-Jul-21,VOC,weighted,USA,B.1.617.2,67.1-73.1%,0.701283813
03-Jul-21,VOC,weighted,USA,B.1.1.529,,0
03-Jul-21,VOC,weighted,1,B.1.617.2,42.1-58.8%,0.50459075
03-Jul-21,VOC,weighted,1,B.1.1.529,,0
03-Jul-21,VOC,weighted,2,B.1.617.2,53.6-79.2%,0.673353434
03-Jul-21,VOC,weighted,2,B.1.1.529,,0
03-Jul-21,VOC,weighted,3,B.1.617.2,50.2-67.7%,0.592003107
03-Jul-21,VOC,weighted,3,B.1.1.529,,0
03-Jul-21,VOC,weighted,4,B.1.617.2,59.2-69.3%,0.643248022
03-Jul-21,VOC,weighted,4,B.1.1.529,,0
03-Jul-21,VOC,weighted,5,B.1.617.2,60.7-72.6%,0.668751001
03-Jul-21,VOC,weighted,5,B.1.1.529,,0
03-Jul-21,VOC,weighted,6,B.1.617.2,64.4-74.4%,0.69580543
03-Jul-21,VOC,weighted,6,B.1.1.529,,0
03-Jul-21,VOC,weighted,7,B.1.617.2,85.9-98.2%,0.939809799
03-Jul-21,VOC,weighted,7,B.1.1.529,,0
03-Jul-21,VOC,weighted,8,B.1.617.2,81.1-90.2%,0.86086309
03-Jul-21,VOC,weighted,8,B.1.1.529,,0
03-Jul-21,VOC,weighted,9,B.1.617.2,65.2-79.4%,0.727481663
03-Jul-21,VOC,weighted,9,B.1.1.529,,0
03-Jul-21,VOC,weighted,10,B.1.617.2,42.3-65.3%,0.539656878
03-Jul-21,VOC,weighted,10,B.1.1.529,,0
03-Jul-21,Other,weighted,USA,Other*,26.9-32.9%,0.298716217
03-Jul-21,Other,weighted,1,Other*,41.2-57.9%,0.49540925
03-Jul-21,Other,weighted,2,Other*,20.8-46.4%,0.326646566
03-Jul-21,Other,weighted,3,Other*,32.3-49.8%,0.407996923
03-Jul-21,Other,weighted,4,Other*,30.7-40.8%,0.356751978
03-Jul-21,Other,weighted,5,Other*,27.4-39.3%,0.331248999
03-Jul-21,Other,weighted,6,Other*,25.6-35.6%,0.30419457
03-Jul-21,Other,weighted,7,Other*,1.8-14.1%,0.060190186
03-Jul-21,Other,weighted,8,Other*,9.8-18.9%,0.139136925
03-Jul-21,Other,weighted,9,Other*,20.6-34.8%,0.272518337
03-Jul-21,Other,weighted,10,Other*,34.7-57.7%,0.460343152
10-Jul-21,VOC,weighted,USA,B.1.617.2,80.1-84.0%,0.821342707
10-Jul-21,VOC,weighted,USA,B.1.1.529,,0
10-Jul-21,VOC,weighted,1,B.1.617.2,72.3-83.4%,0.782022715
10-Jul-21,VOC,weighted,1,B.1.1.529,,0
10-Jul-21,VOC,weighted,2,B.1.617.2,68.1-88.8%,0.798981369
10-Jul-21,VOC,weighted,2,B.1.1.529,,0
10-Jul-21,VOC,weighted,3,B.1.617.2,61.8-77.4%,0.700281382
10-Jul-21,VOC,weighted,3,B.1.1.529,,0
10-Jul-21,VOC,weighted,4,B.1.617.2,74.1-82.2%,0.783530891
10-Jul-21,VOC,weighted,4,B.1.1.529,,0
10-Jul-21,VOC,weighted,5,B.1.617.2,82.9-88.8%,0.86060065
10-Jul-21,VOC,weighted,5,B.1.1.529,,0
10-Jul-21,VOC,weighted,6,B.1.617.2,77.5-86.0%,0.820166767
10-Jul-21,VOC,weighted,6,B.1.1.529,,0
10-Jul-21,VOC,weighted,7,B.1.617.2,92.7-97.5%,0.95539701
10-Jul-21,VOC,weighted,7,B.1.1.529,,0
10-Jul-21,VOC,weighted,8,B.1.617.2,83.5-89.9%,0.869617283
10-Jul-21,VOC,weighted,8,B.1.1.529,,0
10-Jul-21,VOC,weighted,9,B.1.617.2,80.4-87.4%,0.84145534
10-Jul-21,VOC,weighted,9,B.1.1.529,,0
10-Jul-21,VOC,weighted,10,B.1.617.2,64.3-83.7%,0.748771489
10-Jul-21,VOC,weighted,10,B.1.1.529,,0
10-Jul-21,Other,weighted,USA,Other*,16.0-19.9%,0.178657278
10-Jul-21,Other,weighted,1,Other*,16.6-27.7%,0.2179773
10-Jul-21,Other,weighted,2,Other*,11.2-31.9%,0.201018631
10-Jul-21,Other,weighted,3,Other*,22.6-38.2%,0.299718618
10-Jul-21,Other,weighted,4,Other*,17.8-25.9%,0.216469094
10-Jul-21,Other,weighted,5,Other*,11.2-17.1%,0.139399335
10-Jul-21,Other,weighted,6,Other*,14.0-22.5%,0.179833233
10-Jul-21,Other,weighted,7,Other*,2.5-7.3%,0.044602964
10-Jul-21,Other,weighted,8,Other*,10.1-16.5%,0.130382732
10-Jul-21,Other,weighted,9,Other*,12.6-19.6%,0.158544645
10-Jul-21,Other,weighted,10,Other*,16.3-35.7%,0.251228482
17-Jul-21,VOC,weighted,USA,B.1.617.2,86.3-89.5%,0.879938781
17-Jul-21,VOC,weighted,USA,B.1.1.529,,0
17-Jul-21,VOC,weighted,1,B.1.617.2,89.3-93.9%,0.917808652
17-Jul-21,VOC,weighted,1,B.1.1.529,,0
17-Jul-21,VOC,weighted,2,B.1.617.2,75.5-89.9%,0.836514175
17-Jul-21,VOC,weighted,2,B.1.1.529,,0
17-Jul-21,VOC,weighted,3,B.1.617.2,79.6-88.1%,0.842173696
17-Jul-21,VOC,weighted,3,B.1.1.529,,0
17-Jul-21,VOC,weighted,4,B.1.617.2,83.2-89.6%,0.86654371
17-Jul-21,VOC,weighted,4,B.1.1.529,,0
17-Jul-21,VOC,weighted,5,B.1.617.2,86.2-92.5%,0.896668673
17-Jul-21,VOC,weighted,5,B.1.1.529,,0
17-Jul-21,VOC,weighted,6,B.1.617.2,80.8-88.6%,0.850349844
17-Jul-21,VOC,weighted,6,B.1.1.529,,0
17-Jul-21,VOC,weighted,7,B.1.617.2,92.7-98.7%,0.965891719
17-Jul-21,VOC,weighted,7,B.1.1.529,,0
17-Jul-21,VOC,weighted,8,B.1.617.2,90.0-95.5%,0.931346655
17-Jul-21,VOC,weighted,8,B.1.1.529,,0
17-Jul-21,VOC,weighted,9,B.1.617.2,87.9-91.5%,0.89815259
17-Jul-21,VOC,weighted,9,B.1.1.529,,0
17-Jul-21,VOC,weighted,10,B.1.617.2,79.7-90.8%,0.859147489
17-Jul-21,VOC,weighted,10,B.1.1.529,,0
17-Jul-21,Other,weighted,USA,Other*,10.5-13.7%,0.120061226
17-Jul-21,Other,weighted,1,Other*,6.1-10.7%,0.082191348
17-Jul-21,Other,weighted,2,Other*,10.1-24.5%,0.16348581
17-Jul-21,Other,weighted,3,Other*,11.9-20.4%,0.15782629
17-Jul-21,Other,weighted,4,Other*,10.4-16.8%,0.133456275
17-Jul-21,Other,weighted,5,Other*,7.5-13.8%,0.103331313
17-Jul-21,Other,weighted,6,Other*,11.4-19.2%,0.149650127
17-Jul-21,Other,weighted,7,Other*,1.3-7.3%,0.034108289
17-Jul-21,Other,weighted,8,Other*,4.5-10.0%,0.068653367
17-Jul-21,Other,weighted,9,Other*,8.5-12.1%,0.101847425
17-Jul-21,Other,weighted,10,Other*,9.2-20.3%,0.140852541
24-Jul-21,VOC,weighted,USA,B.1.617.2,93.8-95.1%,0.94461906
24-Jul-21,VOC,weighted,USA,B.1.1.529,,0
24-Jul-21,VOC,weighted,1,B.1.617.2,94.1-97.0%,0.957479537
24-Jul-21,VOC,weighted,1,B.1.1.529,,0
24-Jul-21,VOC,weighted,2,B.1.617.2,92.8-96.1%,0.946238935
24-Jul-21,VOC,weighted,2,B.1.1.529,,0
24-Jul-21,VOC,weighted,3,B.1.617.2,90.4-95.3%,0.931880176
24-Jul-21,VOC,weighted,3,B.1.1.529,,0
24-Jul-21,VOC,weighted,4,B.1.617.2,92.2-95.0%,0.93716377
24-Jul-21,VOC,weighted,4,B.1.1.529,,0
24-Jul-21,VOC,weighted,5,B.1.617.2,93.3-96.6%,0.951637328
24-Jul-21,VOC,weighted,5,B.1.1.529,,0
24-Jul-21,VOC,weighted,6,B.1.617.2,91.8-96.1%,0.942349017
24-Jul-21,VOC,weighted,6,B.1.1.529,,0
24-Jul-21,VOC,weighted,7,B.1.617.2,95.9-98.8%,0.976274729
24-Jul-21,VOC,weighted,7,B.1.1.529,,0
24-Jul-21,VOC,weighted,8,B.1.617.2,94.8-97.3%,0.961894095
24-Jul-21,VOC,weighted,8,B.1.1.529,,0
24-Jul-21,VOC,weighted,9,B.1.617.2,94.0-95.8%,0.949404776
24-Jul-21,VOC,weighted,9,B.1.1.529,,0
24-Jul-21,VOC,weighted,10,B.1.617.2,90.8-93.9%,0.924380779
24-Jul-21,VOC,weighted,10,B.1.1.529,,0
24-Jul-21,Other,weighted,USA,Other*,4.9-6.2%,0.055380963
24-Jul-21,Other,weighted,1,Other*,3.0-5.9%,0.042520463
24-Jul-21,Other,weighted,2,Other*,3.9-7.2%,0.053761076
24-Jul-21,Other,weighted,3,Other*,4.7-9.6%,0.068119824
24-Jul-21,Other,weighted,4,Other*,5.0-7.8%,0.062836215
24-Jul-21,Other,weighted,5,Other*,3.4-6.7%,0.048362691
24-Jul-21,Other,weighted,6,Other*,3.9-8.2%,0.057650961
24-Jul-21,Other,weighted,7,Other*,1.2-4.1%,0.023725273
24-Jul-21,Other,weighted,8,Other*,2.7-5.2%,0.038105875
24-Jul-21,Other,weighted,9,Other*,4.2-6.0%,0.050595235
24-Jul-21,Other,weighted,10,Other*,6.1-9.2%,0.075619191
31-Jul-21,VOC,weighted,USA,B.1.617.2,96.0-97.1%,0.96565038
31-Jul-21,VOC,weighted,USA,B.1.1.529,,0
31-Jul-21,VOC,weighted,1,B.1.617.2,94.7-97.0%,0.96003437
31-Jul-21,VOC,weighted,1,B.1.1.529,,0
31-Jul-21,VOC,weighted,2,B.1.617.2,95.8-98.4%,0.973047137
31-Jul-21,VOC,weighted,2,B.1.1.529,,0
31-Jul-21,VOC,weighted,3,B.1.617.2,97.0-98.3%,0.977031648
31-Jul-21,VOC,weighted,3,B.1.1.529,,0
31-Jul-21,VOC,weighted,4,B.1.617.2,94.4-97.2%,0.959597051
31-Jul-21,VOC,weighted,4,B.1.1.529,,0
31-Jul-21,VOC,weighted,5,B.1.617.2,96.6-98.0%,0.973806918
31-Jul-21,VOC,weighted,5,B.1.1.529,,0
31-Jul-21,VOC,weighted,6,B.1.617.2,95.9-97.4%,0.966921329
31-Jul-21,VOC,weighted,6,B.1.1.529,,0
31-Jul-21,VOC,weighted,7,B.1.617.2,95.7-99.0%,0.977836013
31-Jul-21,VOC,weighted,7,B.1.1.529,,0
31-Jul-21,VOC,weighted,8,B.1.617.2,95.6-97.9%,0.969504654
31-Jul-21,VOC,weighted,8,B.1.1.529,,0
31-Jul-21,VOC,weighted,9,B.1.617.2,95.6-97.4%,0.965953231
31-Jul-21,VOC,weighted,9,B.1.1.529,,0
31-Jul-21,VOC,weighted,10,B.1.617.2,94.7-97.1%,0.960314035
31-Jul-21,VOC,weighted,10,B.1.1.529,,0
31-Jul-21,Other,weighted,USA,Other*,2.9-4.0%,0.034349617
31-Jul-21,Other,weighted,1,Other*,3.0-5.3%,0.039965637
31-Jul-21,Other,weighted,2,Other*,1.6-4.2%,0.02695285
31-Jul-21,Other,weighted,3,Other*,1.7-3.0%,0.022968357
31-Jul-21,Other,weighted,4,Other*,2.8-5.6%,0.040402971
31-Jul-21,Other,weighted,5,Other*,2.0-3.4%,0.026193097
31-Jul-21,Other,weighted,6,Other*,2.6-4.1%,0.0330787
31-Jul-21,Other,weighted,7,Other*,1.0-4.3%,0.022163978
31-Jul-21,Other,weighted,8,Other*,2.1-4.4%,0.030495366
31-Jul-21,Other,weighted,9,Other*,2.6-4.4%,0.03404678
31-Jul-21,Other,weighted,10,Other*,2.9-5.3%,0.039685957
07-Aug-21,VOC,weighted,USA,B.1.617.2,96.3-97.8%,0.971352518
07-Aug-21,VOC,weighted,USA,B.1.1.529,,0
07-Aug-21,VOC,weighted,1,B.1.617.2,96.8-98.4%,0.976773381
07-Aug-21,VOC,weighted,1,B.1.1.529,,0
07-Aug-21,VOC,weighted,2,B.1.617.2,95.3-98.5%,0.972120106
07-Aug-21,VOC,weighted,2,B.1.1.529,,0
07-Aug-21,VOC,weighted,3,B.1.617.2,97.3-99.1%,0.983484983
07-Aug-21,VOC,weighted,3,B.1.1.529,,0
07-Aug-21,VOC,weighted,4,B.1.617.2,94.9-97.9%,0.966027081
07-Aug-21,VOC,weighted,4,B.1.1.529,,0
07-Aug-21,VOC,weighted,5,B.1.617.2,97.5-98.9%,0.982940078
07-Aug-21,VOC,weighted,5,B.1.1.529,,0
07-Aug-21,VOC,weighted,6,B.1.617.2,94.2-97.5%,0.96114558
07-Aug-21,VOC,weighted,6,B.1.1.529,,0
07-Aug-21,VOC,weighted,7,B.1.617.2,92.7-99.5%,0.974572837
07-Aug-21,VOC,weighted,7,B.1.1.529,,0
07-Aug-21,VOC,weighted,8,B.1.617.2,97.2-99.3%,0.98510474
07-Aug-21,VOC,weighted,8,B.1.1.529,,0
07-Aug-21,VOC,weighted,9,B.1.617.2,95.6-99.0%,0.976710379
07-Aug-21,VOC,weighted,9,B.1.1.529,,0
07-Aug-21,VOC,weighted,10,B.1.617.2,96.7-98.4%,0.976765573
07-Aug-21,VOC,weighted,10,B.1.1.529,,0
07-Aug-21,Other,weighted,USA,Other*,2.2-3.7%,0.028647494
07-Aug-21,Other,weighted,1,Other*,1.6-3.2%,0.023226637
07-Aug-21,Other,weighted,2,Other*,1.5-4.7%,0.027879881
07-Aug-21,Other,weighted,3,Other*,0.9-2.7%,0.016515011
07-Aug-21,Other,weighted,4,Other*,2.1-5.1%,0.03397293
07-Aug-21,Other,weighted,5,Other*,1.1-2.5%,0.017059894
07-Aug-21,Other,weighted,6,Other*,2.5-5.8%,0.038854431
07-Aug-21,Other,weighted,7,Other*,0.5-7.3%,0.025427181
07-Aug-21,Other,weighted,8,Other*,0.7-2.8%,0.014895267
07-Aug-21,Other,weighted,9,Other*,1.0-4.4%,0.023289593
07-Aug-21,Other,weighted,10,Other*,1.6-3.3%,0.023234434
14-Aug-21,VOC,weighted,USA,B.1.617.2,98.5-99.0%,0.987772226
14-Aug-21,VOC,weighted,USA,B.1.1.529,,0
14-Aug-21,VOC,weighted,1,B.1.617.2,97.9-99.1%,0.98573637
14-Aug-21,VOC,weighted,1,B.1.1.529,,0
14-Aug-21,VOC,weighted,2,B.1.617.2,97.7-99.6%,0.989678383
14-Aug-21,VOC,weighted,2,B.1.1.529,,0
14-Aug-21,VOC,weighted,3,B.1.617.2,98.5-99.5%,0.990777969
14-Aug-21,VOC,weighted,3,B.1.1.529,,0
14-Aug-21,VOC,weighted,4,B.1.617.2,97.6-99.1%,0.984756231
14-Aug-21,VOC,weighted,4,B.1.1.529,,0
14-Aug-21,VOC,weighted,5,B.1.617.2,98.6-99.5%,0.99159652
14-Aug-21,VOC,weighted,5,B.1.1.529,,0
14-Aug-21,VOC,weighted,6,B.1.617.2,98.0-99.0%,0.98590374
14-Aug-21,VOC,weighted,6,B.1.1.529,,0
14-Aug-21,VOC,weighted,7,B.1.617.2,99.0-100.0%,0.998428166
14-Aug-21,VOC,weighted,7,B.1.1.529,,0
14-Aug-21,VOC,weighted,8,B.1.617.2,96.6-99.3%,0.982957006
14-Aug-21,VOC,weighted,8,B.1.1.529,,0
14-Aug-21,VOC,weighted,9,B.1.617.2,98.5-99.3%,0.989936948
14-Aug-21,VOC,weighted,9,B.1.1.529,,0
14-Aug-21,VOC,weighted,10,B.1.617.2,98.4-99.2%,0.989000857
14-Aug-21,VOC,weighted,10,B.1.1.529,,0
14-Aug-21,Other,weighted,USA,Other*,1.0-1.5%,0.012227768
14-Aug-21,Other,weighted,1,Other*,0.9-2.1%,0.014263647
14-Aug-21,Other,weighted,2,Other*,0.4-2.3%,0.010321618
14-Aug-21,Other,weighted,3,Other*,0.5-1.5%,0.009222026
14-Aug-21,Other,weighted,4,Other*,0.9-2.4%,0.015243752
14-Aug-21,Other,weighted,5,Other*,0.5-1.4%,0.008403456
14-Aug-21,Other,weighted,6,Other*,1.0-2.0%,0.01409624
14-Aug-21,Other,weighted,7,Other*,0.0-1.0%,0.001571841
14-Aug-21,Other,weighted,8,Other*,0.7-3.4%,0.017043022
14-Aug-21,Other,weighted,9,Other*,0.7-1.5%,0.010063026
14-Aug-21,Other,weighted,10,Other*,0.8-1.6%,0.010999115
21-Aug-21,VOC,weighted,USA,B.1.617.2,98.4-99.2%,0.988819957
21-Aug-21,VOC,weighted,USA,B.1.1.529,,0
21-Aug-21,VOC,weighted,1,B.1.617.2,97.8-99.4%,0.98743242
21-Aug-21,VOC,weighted,1,B.1.1.529,,0
21-Aug-21,VOC,weighted,2,B.1.617.2,98.6-99.6%,0.992200732
21-Aug-21,VOC,weighted,2,B.1.1.529,,0
21-Aug-21,VOC,weighted,3,B.1.617.2,98.8-99.8%,0.994059026
21-Aug-21,VOC,weighted,3,B.1.1.529,,0
21-Aug-21,VOC,weighted,4,B.1.617.2,97.1-99.3%,0.984923482
21-Aug-21,VOC,weighted,4,B.1.1.529,,0
21-Aug-21,VOC,weighted,5,B.1.617.2,98.3-99.7%,0.991680324
21-Aug-21,VOC,weighted,5,B.1.1.529,,0
21-Aug-21,VOC,weighted,6,B.1.617.2,97.3-99.4%,0.98634243
21-Aug-21,VOC,weighted,6,B.1.1.529,,0
21-Aug-21,VOC,weighted,7,B.1.617.2,96.3-99.8%,0.988971472
21-Aug-21,VOC,weighted,7,B.1.1.529,,0
21-Aug-21,VOC,weighted,8,B.1.617.2,99.1-99.9%,0.99678731
21-Aug-21,VOC,weighted,8,B.1.1.529,,0
21-Aug-21,VOC,weighted,9,B.1.617.2,98.5-99.6%,0.991923034
21-Aug-21,VOC,weighted,9,B.1.1.529,,0
21-Aug-21,VOC,weighted,10,B.1.617.2,98.8-99.4%,0.991627991
21-Aug-21,VOC,weighted,10,B.1.1.529,,0
21-Aug-21,Other,weighted,USA,Other*,0.8-1.6%,0.01118007
21-Aug-21,Other,weighted,1,Other*,0.6-2.2%,0.012567587
21-Aug-21,Other,weighted,2,Other*,0.4-1.4%,0.007799282
21-Aug-21,Other,weighted,3,Other*,0.2-1.2%,0.005940965
21-Aug-21,Other,weighted,4,Other*,0.7-2.9%,0.015076545
21-Aug-21,Other,weighted,5,Other*,0.3-1.7%,0.008319667
21-Aug-21,Other,weighted,6,Other*,0.6-2.7%,0.013657567
21-Aug-21,Other,weighted,7,Other*,0.2-3.7%,0.011028549
21-Aug-21,Other,weighted,8,Other*,0.1-0.9%,0.00321267
21-Aug-21,Other,weighted,9,Other*,0.4-1.5%,0.008076952
21-Aug-21,Other,weighted,10,Other*,0.6-1.2%,0.008372015
28-Aug-21,VOC,weighted,USA,B.1.617.2,97.8-99.1%,0.985151649
28-Aug-21,VOC,weighted,USA,B.1.1.529,,0
28-Aug-21,VOC,weighted,1,B.1.617.2,98.3-99.7%,0.991897345
28-Aug-21,VOC,weighted,1,B.1.1.529,,0
28-Aug-21,VOC,weighted,2,B.1.617.2,97.2-99.6%,0.987601876
28-Aug-21,VOC,weighted,2,B.1.1.529,,0
28-Aug-21,VOC,weighted,3,B.1.617.2,98.4-99.7%,0.992298067
28-Aug-21,VOC,weighted,3,B.1.1.529,,0
28-Aug-21,VOC,weighted,4,B.1.617.2,96.9-99.3%,0.98375535
28-Aug-21,VOC,weighted,4,B.1.1.529,,0
28-Aug-21,VOC,weighted,5,B.1.617.2,97.4-99.4%,0.986174941
28-Aug-21,VOC,weighted,5,B.1.1.529,,0
28-Aug-21,VOC,weighted,6,B.1.617.2,93.8-99.1%,0.972812235
28-Aug-21,VOC,weighted,6,B.1.1.529,,0
28-Aug-21,VOC,weighted,7,B.1.617.2,96.2-99.6%,0.984649479
28-Aug-21,VOC,weighted,7,B.1.1.529,,0
28-Aug-21,VOC,weighted,8,B.1.617.2,97.6-99.9%,0.992597401
28-Aug-21,VOC,weighted,8,B.1.1.529,,0
28-Aug-21,VOC,weighted,9,B.1.617.2,96.7-99.9%,0.990104556
28-Aug-21,VOC,weighted,9,B.1.1.529,,0
28-Aug-21,VOC,weighted,10,B.1.617.2,98.8-99.8%,0.994322777
28-Aug-21,VOC,weighted,10,B.1.1.529,,0
28-Aug-21,Other,weighted,USA,Other*,0.9-2.2%,0.01484836
28-Aug-21,Other,weighted,1,Other*,0.3-1.7%,0.008102678
28-Aug-21,Other,weighted,2,Other*,0.4-2.8%,0.012398129
28-Aug-21,Other,weighted,3,Other*,0.3-1.6%,0.007701905
28-Aug-21,Other,weighted,4,Other*,0.7-3.1%,0.016244676
28-Aug-21,Other,weighted,5,Other*,0.6-2.6%,0.013825088
28-Aug-21,Other,weighted,6,Other*,0.9-6.2%,0.027187787
28-Aug-21,Other,weighted,7,Other*,0.4-3.8%,0.015350535
28-Aug-21,Other,weighted,8,Other*,0.1-2.4%,0.007402598
28-Aug-21,Other,weighted,9,Other*,0.1-3.3%,0.009895461
28-Aug-21,Other,weighted,10,Other*,0.2-1.2%,0.005677196
04-Sep-21,VOC,weighted,USA,B.1.617.2,98.8-99.5%,0.991731048
04-Sep-21,VOC,weighted,USA,B.1.1.529,,0
04-Sep-21,VOC,weighted,1,B.1.617.2,99.2-99.9%,0.996287048
04-Sep-21,VOC,weighted,1,B.1.1.529,,0
04-Sep-21,VOC,weighted,2,B.1.617.2,98.4-99.9%,0.994410932
04-Sep-21,VOC,weighted,2,B.1.1.529,,0
04-Sep-21,VOC,weighted,3,B.1.617.2,99.2-99.9%,0.9967224
04-Sep-21,VOC,weighted,3,B.1.1.529,,0
04-Sep-21,VOC,weighted,4,B.1.617.2,97.8-99.5%,0.988571465
04-Sep-21,VOC,weighted,4,B.1.1.529,,0
04-Sep-21,VOC,weighted,5,B.1.617.2,98.8-99.7%,0.993456721
04-Sep-21,VOC,weighted,5,B.1.1.529,,0
04-Sep-21,VOC,weighted,6,B.1.617.2,97.4-99.6%,0.988814652
04-Sep-21,VOC,weighted,6,B.1.1.529,,0
04-Sep-21,VOC,weighted,7,B.1.617.2,98.1-99.9%,0.993541598
04-Sep-21,VOC,weighted,7,B.1.1.529,,0
04-Sep-21,VOC,weighted,8,B.1.617.2,97.3-99.7%,0.989549696
04-Sep-21,VOC,weighted,8,B.1.1.529,,0
04-Sep-21,VOC,weighted,9,B.1.617.2,98.0-99.8%,0.992207229
04-Sep-21,VOC,weighted,9,B.1.1.529,,0
04-Sep-21,VOC,weighted,10,B.1.617.2,99.6-100.0%,0.998560965
04-Sep-21,VOC,weighted,10,B.1.1.529,,0
04-Sep-21,Other,weighted,USA,Other*,0.5-1.2%,0.008268977
04-Sep-21,Other,weighted,1,Other*,0.1-0.8%,0.003712967
04-Sep-21,Other,weighted,2,Other*,0.1-1.6%,0.005589053
04-Sep-21,Other,weighted,3,Other*,0.1-0.8%,0.003277608
04-Sep-21,Other,weighted,4,Other*,0.5-2.2%,0.011428558
04-Sep-21,Other,weighted,5,Other*,0.3-1.2%,0.006543252
04-Sep-21,Other,weighted,6,Other*,0.4-2.6%,0.011185341
04-Sep-21,Other,weighted,7,Other*,0.1-1.9%,0.006458408
04-Sep-21,Other,weighted,8,Other*,0.3-2.7%,0.010450312
04-Sep-21,Other,weighted,9,Other*,0.2-2.0%,0.007792758
04-Sep-21,Other,weighted,10,Other*,0.0-0.4%,0.001439013
11-Sep-21,VOC,weighted,USA,B.1.617.2,98.9-99.5%,0.99274236
11-Sep-21,VOC,weighted,USA,B.1.1.529,,0
11-Sep-21,VOC,weighted,1,B.1.617.2,99.7-99.9%,0.998281062
11-Sep-21,VOC,weighted,1,B.1.1.529,,0
11-Sep-21,VOC,weighted,2,B.1.617.2,99.2-99.9%,0.996972919
11-Sep-21,VOC,weighted,2,B.1.1.529,,0
11-Sep-21,VOC,weighted,3,B.1.617.2,99.4-99.9%,0.997157156
11-Sep-21,VOC,weighted,3,B.1.1.529,,0
11-Sep-21,VOC,weighted,4,B.1.617.2,98.0-99.6%,0.990236938
11-Sep-21,VOC,weighted,4,B.1.1.529,,0
11-Sep-21,VOC,weighted,5,B.1.617.2,98.8-99.6%,0.992989361
11-Sep-21,VOC,weighted,5,B.1.1.529,,0
11-Sep-21,VOC,weighted,6,B.1.617.2,97.3-99.6%,0.988616228
11-Sep-21,VOC,weighted,6,B.1.1.529,,0
11-Sep-21,VOC,weighted,7,B.1.617.2,98.1-99.7%,0.991020501
11-Sep-21,VOC,weighted,7,B.1.1.529,,0
11-Sep-21,VOC,weighted,8,B.1.617.2,98.2-99.8%,0.992814481
11-Sep-21,VOC,weighted,8,B.1.1.529,,0
11-Sep-21,VOC,weighted,9,B.1.617.2,99.1-99.8%,0.995734453
11-Sep-21,VOC,weighted,9,B.1.1.529,,0
11-Sep-21,VOC,weighted,10,B.1.617.2,98.8-99.8%,0.995010257
11-Sep-21,VOC,weighted,10,B.1.1.529,,0
11-Sep-21,Other,weighted,USA,Other*,0.5-1.1%,0.007257657
11-Sep-21,Other,weighted,1,Other*,0.1-0.3%,0.001718955
11-Sep-21,Other,weighted,2,Other*,0.1-0.8%,0.003027059
11-Sep-21,Other,weighted,3,Other*,0.1-0.6%,0.002842848
11-Sep-21,Other,weighted,4,Other*,0.4-2.0%,0.009763087
11-Sep-21,Other,weighted,5,Other*,0.4-1.2%,0.007010647
11-Sep-21,Other,weighted,6,Other*,0.4-2.7%,0.011383757
11-Sep-21,Other,weighted,7,Other*,0.3-1.9%,0.008979472
11-Sep-21,Other,weighted,8,Other*,0.2-1.8%,0.007185519
11-Sep-21,Other,weighted,9,Other*,0.2-0.9%,0.00426552
11-Sep-21,Other,weighted,10,Other*,0.2-1.2%,0.004989765
18-Sep-21,VOC,weighted,USA,B.1.617.2,98.6-99.4%,0.990823805
18-Sep-21,VOC,weighted,USA,B.1.1.529,,0
18-Sep-21,VOC,weighted,1,B.1.617.2,99.5-99.9%,0.997953773
18-Sep-21,VOC,weighted,1,B.1.1.529,,0
18-Sep-21,VOC,weighted,2,B.1.617.2,91.9-99.9%,0.982758522
18-Sep-21,VOC,weighted,2,B.1.1.529,,0
18-Sep-21,VOC,weighted,3,B.1.617.2,99.2-99.9%,0.996840537
18-Sep-21,VOC,weighted,3,B.1.1.529,,0
18-Sep-21,VOC,weighted,4,B.1.617.2,97.6-99.4%,0.98683095
18-Sep-21,VOC,weighted,4,B.1.1.529,,0
18-Sep-21,VOC,weighted,5,B.1.617.2,98.6-99.6%,0.991899073
18-Sep-21,VOC,weighted,5,B.1.1.529,,0
18-Sep-21,VOC,weighted,6,B.1.617.2,96.8-99.4%,0.984548509
18-Sep-21,VOC,weighted,6,B.1.1.529,,0
18-Sep-21,VOC,weighted,7,B.1.617.2,98.6-99.9%,0.99484992
18-Sep-21,VOC,weighted,7,B.1.1.529,,0
18-Sep-21,VOC,weighted,8,B.1.617.2,98.5-99.8%,0.994153023
18-Sep-21,VOC,weighted,8,B.1.1.529,,0
18-Sep-21,VOC,weighted,9,B.1.617.2,98.7-99.9%,0.99602735
18-Sep-21,VOC,weighted,9,B.1.1.529,,0
18-Sep-21,VOC,weighted,10,B.1.617.2,98.9-99.8%,0.99517554
18-Sep-21,VOC,weighted,10,B.1.1.529,,0
18-Sep-21,Other,weighted,USA,Other*,0.6-1.4%,0.009176203
18-Sep-21,Other,weighted,1,Other*,0.1-0.5%,0.002046235
18-Sep-21,Other,weighted,2,Other*,0.1-8.1%,0.017241471
18-Sep-21,Other,weighted,3,Other*,0.1-0.8%,0.00315945
18-Sep-21,Other,weighted,4,Other*,0.6-2.4%,0.013169073
18-Sep-21,Other,weighted,5,Other*,0.4-1.4%,0.008100918
18-Sep-21,Other,weighted,6,Other*,0.6-3.2%,0.01545151
18-Sep-21,Other,weighted,7,Other*,0.1-1.4%,0.005150072
18-Sep-21,Other,weighted,8,Other*,0.2-1.5%,0.00584699
18-Sep-21,Other,weighted,9,Other*,0.1-1.3%,0.003972636
18-Sep-21,Other,weighted,10,Other*,0.2-1.1%,0.004824453
25-Sep-21,VOC,weighted,USA,B.1.617.2,98.9-99.5%,0.992281139
25-Sep-21,VOC,weighted,USA,B.1.1.529,,0
25-Sep-21,VOC,weighted,1,B.1.617.2,98.4-100.0%,0.995877504
25-Sep-21,VOC,weighted,1,B.1.1.529,,0
25-Sep-21,VOC,weighted,2,B.1.617.2,98.9-99.9%,0.996337235
25-Sep-21,VOC,weighted,2,B.1.1.529,,0
25-Sep-21,VOC,weighted,3,B.1.617.2,98.8-99.9%,0.995011508
25-Sep-21,VOC,weighted,3,B.1.1.529,,0
25-Sep-21,VOC,weighted,4,B.1.617.2,98.0-99.4%,0.988263607
25-Sep-21,VOC,weighted,4,B.1.1.529,,0
25-Sep-21,VOC,weighted,5,B.1.617.2,98.9-99.7%,0.994060636
25-Sep-21,VOC,weighted,5,B.1.1.529,,0
25-Sep-21,VOC,weighted,6,B.1.617.2,96.9-99.6%,0.987200618
25-Sep-21,VOC,weighted,6,B.1.1.529,,0
25-Sep-21,VOC,weighted,7,B.1.617.2,96.2-99.8%,0.988797367
25-Sep-21,VOC,weighted,7,B.1.1.529,,0
25-Sep-21,VOC,weighted,8,B.1.617.2,98.9-99.8%,0.995108306
25-Sep-21,VOC,weighted,8,B.1.1.529,,0
25-Sep-21,VOC,weighted,9,B.1.617.2,97.4-100.0%,0.993913472
25-Sep-21,VOC,weighted,9,B.1.1.529,,0
25-Sep-21,VOC,weighted,10,B.1.617.2,99.4-100.0%,0.997930646
25-Sep-21,VOC,weighted,10,B.1.1.529,,0
25-Sep-21,Other,weighted,USA,Other*,0.5-1.1%,0.007718858
25-Sep-21,Other,weighted,1,Other*,0.0-1.6%,0.004122508
25-Sep-21,Other,weighted,2,Other*,0.1-1.1%,0.003662756
25-Sep-21,Other,weighted,3,Other*,0.1-1.2%,0.004988477
25-Sep-21,Other,weighted,4,Other*,0.6-2.0%,0.01173639
25-Sep-21,Other,weighted,5,Other*,0.3-1.1%,0.005939372
25-Sep-21,Other,weighted,6,Other*,0.4-3.1%,0.012799399
25-Sep-21,Other,weighted,7,Other*,0.2-3.8%,0.01120264
25-Sep-21,Other,weighted,8,Other*,0.2-1.1%,0.004891722
25-Sep-21,Other,weighted,9,Other*,0.0-2.6%,0.006086544
25-Sep-21,Other,weighted,10,Other*,0.0-0.6%,0.002069342
02-Oct-21,VOC,weighted,USA,B.1.617.2,98.9-99.5%,0.992403209
02-Oct-21,VOC,weighted,USA,B.1.1.529,,0
02-Oct-21,VOC,weighted,1,B.1.617.2,99.1-99.9%,0.996949792
02-Oct-21,VOC,weighted,1,B.1.1.529,,0
02-Oct-21,VOC,weighted,2,B.1.617.2,96.6-99.9%,0.991686821
02-Oct-21,VOC,weighted,2,B.1.1.529,,0
02-Oct-21,VOC,weighted,3,B.1.617.2,98.8-99.9%,0.995444238
02-Oct-21,VOC,weighted,3,B.1.1.529,,0
02-Oct-21,VOC,weighted,4,B.1.617.2,97.9-99.4%,0.988537848
02-Oct-21,VOC,weighted,4,B.1.1.529,,0
02-Oct-21,VOC,weighted,5,B.1.617.2,98.6-99.5%,0.99131006
02-Oct-21,VOC,weighted,5,B.1.1.529,,0
02-Oct-21,VOC,weighted,6,B.1.617.2,96.0-99.6%,0.98519063
02-Oct-21,VOC,weighted,6,B.1.1.529,,0
02-Oct-21,VOC,weighted,7,B.1.617.2,98.6-99.9%,0.995419562
02-Oct-21,VOC,weighted,7,B.1.1.529,,0
02-Oct-21,VOC,weighted,8,B.1.617.2,99.3-100.0%,0.99792701
02-Oct-21,VOC,weighted,8,B.1.1.529,,0
02-Oct-21,VOC,weighted,9,B.1.617.2,98.8-100.0%,0.996880293
02-Oct-21,VOC,weighted,9,B.1.1.529,,0
02-Oct-21,VOC,weighted,10,B.1.617.2,99.1-99.9%,0.996690989
02-Oct-21,VOC,weighted,10,B.1.1.529,,0
02-Oct-21,Other,weighted,USA,Other*,0.5-1.1%,0.007596785
02-Oct-21,Other,weighted,1,Other*,0.1-0.9%,0.003050226
02-Oct-21,Other,weighted,2,Other*,0.1-3.4%,0.008313206
02-Oct-21,Other,weighted,3,Other*,0.1-1.2%,0.004555752
02-Oct-21,Other,weighted,4,Other*,0.6-2.1%,0.011462129
02-Oct-21,Other,weighted,5,Other*,0.5-1.4%,0.008689944
02-Oct-21,Other,weighted,6,Other*,0.4-4.0%,0.014809341
02-Oct-21,Other,weighted,7,Other*,0.1-1.4%,0.004580416
02-Oct-21,Other,weighted,8,Other*,0.0-0.7%,0.002072987
02-Oct-21,Other,weighted,9,Other*,0.0-1.2%,0.003119689
02-Oct-21,Other,weighted,10,Other*,0.1-0.9%,0.003309001
09-Oct-21,VOC,weighted,USA,B.1.617.2,98.8-99.4%,0.991178513
09-Oct-21,VOC,weighted,USA,B.1.1.529,,0
09-Oct-21,VOC,weighted,1,B.1.617.2,98.9-100.0%,0.997329473
09-Oct-21,VOC,weighted,1,B.1.1.529,,0
09-Oct-21,VOC,weighted,2,B.1.617.2,97.2-99.7%,0.988900542
09-Oct-21,VOC,weighted,2,B.1.1.529,,0
09-Oct-21,VOC,weighted,3,B.1.617.2,98.6-99.8%,0.99432838
09-Oct-21,VOC,weighted,3,B.1.1.529,,0
09-Oct-21,VOC,weighted,4,B.1.617.2,97.8-99.3%,0.987021506
09-Oct-21,VOC,weighted,4,B.1.1.529,,0
09-Oct-21,VOC,weighted,5,B.1.617.2,98.7-99.5%,0.991577387
09-Oct-21,VOC,weighted,5,B.1.1.529,,0
09-Oct-21,VOC,weighted,6,B.1.617.2,97.3-99.6%,0.987971485
09-Oct-21,VOC,weighted,6,B.1.1.529,,0
09-Oct-21,VOC,weighted,7,B.1.617.2,98.2-99.9%,0.993561327
09-Oct-21,VOC,weighted,7,B.1.1.529,,0
09-Oct-21,VOC,weighted,8,B.1.617.2,97.8-99.9%,0.992782533
09-Oct-21,VOC,weighted,8,B.1.1.529,,0
09-Oct-21,VOC,weighted,9,B.1.617.2,97.5-99.8%,0.990851104
09-Oct-21,VOC,weighted,9,B.1.1.529,,0
09-Oct-21,VOC,weighted,10,B.1.617.2,98.6-99.9%,0.994780719
09-Oct-21,VOC,weighted,10,B.1.1.529,,0
09-Oct-21,Other,weighted,USA,Other*,0.6-1.2%,0.008821482
09-Oct-21,Other,weighted,1,Other*,0.0-1.1%,0.00267053
09-Oct-21,Other,weighted,2,Other*,0.3-2.8%,0.011099458
09-Oct-21,Other,weighted,3,Other*,0.2-1.4%,0.005671614
09-Oct-21,Other,weighted,4,Other*,0.7-2.2%,0.012978473
09-Oct-21,Other,weighted,5,Other*,0.5-1.3%,0.008422608
09-Oct-21,Other,weighted,6,Other*,0.4-2.7%,0.012028519
09-Oct-21,Other,weighted,7,Other*,0.1-1.8%,0.006438659
09-Oct-21,Other,weighted,8,Other*,0.1-2.2%,0.007217496
09-Oct-21,Other,weighted,9,Other*,0.2-2.5%,0.009148871
09-Oct-21,Other,weighted,10,Other*,0.1-1.4%,0.00521931
16-Oct-21,VOC,weighted,USA,B.1.617.2,98.7-99.5%,0.99151212
16-Oct-21,VOC,weighted,USA,B.1.1.529,,0
16-Oct-21,VOC,weighted,1,B.1.617.2,99.3-100.0%,0.99771589
16-Oct-21,VOC,weighted,1,B.1.1.529,,0
16-Oct-21,VOC,weighted,2,B.1.617.2,99.1-99.9%,0.996067166
16-Oct-21,VOC,weighted,2,B.1.1.529,,0
16-Oct-21,VOC,weighted,3,B.1.617.2,98.6-99.8%,0.993478954
16-Oct-21,VOC,weighted,3,B.1.1.529,,0
16-Oct-21,VOC,weighted,4,B.1.617.2,97.8-99.7%,0.990638614
16-Oct-21,VOC,weighted,4,B.1.1.529,,0
16-Oct-21,VOC,weighted,5,B.1.617.2,98.5-99.6%,0.992120445
16-Oct-21,VOC,weighted,5,B.1.1.529,,0
16-Oct-21,VOC,weighted,6,B.1.617.2,95.9-99.5%,0.982878089
16-Oct-21,VOC,weighted,6,B.1.1.529,,0
16-Oct-21,VOC,weighted,7,B.1.617.2,97.3-99.9%,0.992023468
16-Oct-21,VOC,weighted,7,B.1.1.529,,0
16-Oct-21,VOC,weighted,8,B.1.617.2,98.5-99.8%,0.993669927
16-Oct-21,VOC,weighted,8,B.1.1.529,,0
16-Oct-21,VOC,weighted,9,B.1.617.2,95.1-99.9%,0.98756212
16-Oct-21,VOC,weighted,9,B.1.1.529,,0
16-Oct-21,VOC,weighted,10,B.1.617.2,98.7-99.9%,0.996175647
16-Oct-21,VOC,weighted,10,B.1.1.529,,0
16-Oct-21,Other,weighted,USA,Other*,0.5-1.3%,0.008487905
16-Oct-21,Other,weighted,1,Other*,0.0-0.7%,0.002284111
16-Oct-21,Other,weighted,2,Other*,0.1-0.9%,0.003932831
16-Oct-21,Other,weighted,3,Other*,0.2-1.4%,0.006521051
16-Oct-21,Other,weighted,4,Other*,0.3-2.2%,0.009361391
16-Oct-21,Other,weighted,5,Other*,0.4-1.5%,0.007879565
16-Oct-21,Other,weighted,6,Other*,0.5-4.1%,0.01712193
16-Oct-21,Other,weighted,7,Other*,0.1-2.7%,0.00797651
16-Oct-21,Other,weighted,8,Other*,0.2-1.5%,0.006330099
16-Oct-21,Other,weighted,9,Other*,0.1-4.9%,0.012437852
16-Oct-21,Other,weighted,10,Other*,0.1-1.3%,0.00382437
23-Oct-21,VOC,weighted,USA,B.1.617.2,98.5-99.4%,0.990120113
23-Oct-21,VOC,weighted,USA,B.1.1.529,,0
23-Oct-21,VOC,weighted,1,B.1.617.2,98.4-100.0%,0.996374786
23-Oct-21,VOC,weighted,1,B.1.1.529,,0
23-Oct-21,VOC,weighted,2,B.1.617.2,98.0-99.9%,0.993266225
23-Oct-21,VOC,weighted,2,B.1.1.529,,0
23-Oct-21,VOC,weighted,3,B.1.617.2,98.1-99.8%,0.992675662
23-Oct-21,VOC,weighted,3,B.1.1.529,,0
23-Oct-21,VOC,weighted,4,B.1.617.2,96.8-99.3%,0.983587444
23-Oct-21,VOC,weighted,4,B.1.1.529,,0
23-Oct-21,VOC,weighted,5,B.1.617.2,98.2-99.5%,0.989970326
23-Oct-21,VOC,weighted,5,B.1.1.529,,0
23-Oct-21,VOC,weighted,6,B.1.617.2,94.7-99.6%,0.981710672
23-Oct-21,VOC,weighted,6,B.1.1.529,,0
23-Oct-21,VOC,weighted,7,B.1.617.2,97.0-99.6%,0.987145066
23-Oct-21,VOC,weighted,7,B.1.1.529,,0
23-Oct-21,VOC,weighted,8,B.1.617.2,98.0-99.9%,0.993435025
23-Oct-21,VOC,weighted,8,B.1.1.529,,0
23-Oct-21,VOC,weighted,9,B.1.617.2,96.9-99.9%,0.992406428
23-Oct-21,VOC,weighted,9,B.1.1.529,,0
23-Oct-21,VOC,weighted,10,B.1.617.2,98.4-100.0%,0.996311903
23-Oct-21,VOC,weighted,10,B.1.1.529,,0
23-Oct-21,Other,weighted,USA,Other*,0.6-1.5%,0.009879886
23-Oct-21,Other,weighted,1,Other*,0.0-1.6%,0.003625188
23-Oct-21,Other,weighted,2,Other*,0.1-2.0%,0.006733778
23-Oct-21,Other,weighted,3,Other*,0.2-1.9%,0.007324361
23-Oct-21,Other,weighted,4,Other*,0.7-3.2%,0.016412577
23-Oct-21,Other,weighted,5,Other*,0.5-1.8%,0.010029672
23-Oct-21,Other,weighted,6,Other*,0.4-5.3%,0.018289313
23-Oct-21,Other,weighted,7,Other*,0.4-3.0%,0.01285492
23-Oct-21,Other,weighted,8,Other*,0.1-2.0%,0.006564961
23-Oct-21,Other,weighted,9,Other*,0.1-3.1%,0.007593575
23-Oct-21,Other,weighted,10,Other*,0.0-1.6%,0.003688098
30-Oct-21,VOC,weighted,USA,B.1.617.2,98.8-99.5%,0.992067516
30-Oct-21,VOC,weighted,USA,B.1.1.529,,0
30-Oct-21,VOC,weighted,1,B.1.617.2,97.8-99.9%,0.993198514
30-Oct-21,VOC,weighted,1,B.1.1.529,,0
30-Oct-21,VOC,weighted,2,B.1.617.2,97.8-99.9%,0.993418515
30-Oct-21,VOC,weighted,2,B.1.1.529,,0
30-Oct-21,VOC,weighted,3,B.1.617.2,98.5-99.8%,0.994140923
30-Oct-21,VOC,weighted,3,B.1.1.529,,0
30-Oct-21,VOC,weighted,4,B.1.617.2,97.6-99.5%,0.988087893
30-Oct-21,VOC,weighted,4,B.1.1.529,,0
30-Oct-21,VOC,weighted,5,B.1.617.2,98.5-99.7%,0.992953837
30-Oct-21,VOC,weighted,5,B.1.1.529,,0
30-Oct-21,VOC,weighted,6,B.1.617.2,96.4-99.5%,0.984930456
30-Oct-21,VOC,weighted,6,B.1.1.529,,0
30-Oct-21,VOC,weighted,7,B.1.617.2,98.7-99.8%,0.994405389
30-Oct-21,VOC,weighted,7,B.1.1.529,,0
30-Oct-21,VOC,weighted,8,B.1.617.2,98.2-100.0%,0.995647192
30-Oct-21,VOC,weighted,8,B.1.1.529,,0
30-Oct-21,VOC,weighted,9,B.1.617.2,96.5-100.0%,0.991978407
30-Oct-21,VOC,weighted,9,B.1.1.529,,0
30-Oct-21,VOC,weighted,10,B.1.617.2,98.1-99.9%,0.993573964
30-Oct-21,VOC,weighted,10,B.1.1.529,,0
30-Oct-21,Other,weighted,USA,Other*,0.5-1.2%,0.007932487
30-Oct-21,Other,weighted,1,Other*,0.1-2.2%,0.006801473
30-Oct-21,Other,weighted,2,Other*,0.1-2.2%,0.006581456
30-Oct-21,Other,weighted,3,Other*,0.2-1.5%,0.005859079
30-Oct-21,Other,weighted,4,Other*,0.5-2.4%,0.011912124
30-Oct-21,Other,weighted,5,Other*,0.3-1.5%,0.00704617
30-Oct-21,Other,weighted,6,Other*,0.5-3.6%,0.015069537
30-Oct-21,Other,weighted,7,Other*,0.2-1.3%,0.005594623
30-Oct-21,Other,weighted,8,Other*,0.0-1.8%,0.004352812
30-Oct-21,Other,weighted,9,Other*,0.0-3.5%,0.008021565
30-Oct-21,Other,weighted,10,Other*,0.1-1.9%,0.006426012
06-Nov-21,VOC,weighted,USA,B.1.617.2,98.1-99.1%,0.986644089
06-Nov-21,VOC,weighted,USA,B.1.1.529,,0
06-Nov-21,VOC,weighted,1,B.1.617.2,98.6-100.0%,0.996123493
06-Nov-21,VOC,weighted,1,B.1.1.529,,0
06-Nov-21,VOC,weighted,2,B.1.617.2,95.6-99.5%,0.981911719
06-Nov-21,VOC,weighted,2,B.1.1.529,,0
06-Nov-21,VOC,weighted,3,B.1.617.2,96.9-99.7%,0.987708688
06-Nov-21,VOC,weighted,3,B.1.1.529,,0
06-Nov-21,VOC,weighted,4,B.1.617.2,95.7-98.8%,0.975725114
06-Nov-21,VOC,weighted,4,B.1.1.529,,0
06-Nov-21,VOC,weighted,5,B.1.617.2,97.4-99.4%,0.986263633
06-Nov-21,VOC,weighted,5,B.1.1.529,,0
06-Nov-21,VOC,weighted,6,B.1.617.2,93.8-99.2%,0.973952234
06-Nov-21,VOC,weighted,6,B.1.1.529,,0
06-Nov-21,VOC,weighted,7,B.1.617.2,97.5-99.6%,0.989032805
06-Nov-21,VOC,weighted,7,B.1.1.529,,0
06-Nov-21,VOC,weighted,8,B.1.617.2,97.2-99.9%,0.992224455
06-Nov-21,VOC,weighted,8,B.1.1.529,,0
06-Nov-21,VOC,weighted,9,B.1.617.2,95.6-99.9%,0.989810646
06-Nov-21,VOC,weighted,9,B.1.1.529,,0
06-Nov-21,VOC,weighted,10,B.1.617.2,98.9-100.0%,0.997288585
06-Nov-21,VOC,weighted,10,B.1.1.529,,0
06-Nov-21,Other,weighted,USA,Other*,0.9-1.9%,0.013355926
06-Nov-21,Other,weighted,1,Other*,0.0-1.4%,0.003876502
06-Nov-21,Other,weighted,2,Other*,0.5-4.4%,0.01808829
06-Nov-21,Other,weighted,3,Other*,0.3-3.1%,0.012291295
06-Nov-21,Other,weighted,4,Other*,1.2-4.3%,0.024274888
06-Nov-21,Other,weighted,5,Other*,0.6-2.6%,0.013736387
06-Nov-21,Other,weighted,6,Other*,0.8-6.2%,0.026047766
06-Nov-21,Other,weighted,7,Other*,0.4-2.5%,0.010967184
06-Nov-21,Other,weighted,8,Other*,0.1-2.8%,0.007775554
06-Nov-21,Other,weighted,9,Other*,0.1-4.4%,0.010189342
06-Nov-21,Other,weighted,10,Other*,0.0-1.1%,0.002711393
13-Nov-21,VOC,weighted,USA,B.1.617.2,98.1-99.1%,0.986386895
13-Nov-21,VOC,weighted,USA,B.1.1.529,,0
13-Nov-21,VOC,weighted,1,B.1.617.2,97.9-99.9%,0.993377924
13-Nov-21,VOC,weighted,1,B.1.1.529,,0
13-Nov-21,VOC,weighted,2,B.1.617.2,96.7-99.7%,0.986993015
13-Nov-21,VOC,weighted,2,B.1.1.529,,0
13-Nov-21,VOC,weighted,3,B.1.617.2,97.5-99.7%,0.989749432
13-Nov-21,VOC,weighted,3,B.1.1.529,,0
13-Nov-21,VOC,weighted,4,B.1.617.2,96.9-99.1%,0.982601523
13-Nov-21,VOC,weighted,4,B.1.1.529,,0
13-Nov-21,VOC,weighted,5,B.1.617.2,97.0-99.3%,0.984293103
13-Nov-21,VOC,weighted,5,B.1.1.529,,0
13-Nov-21,VOC,weighted,6,B.1.617.2,94.5-99.2%,0.975500464
13-Nov-21,VOC,weighted,6,B.1.1.529,,0
13-Nov-21,VOC,weighted,7,B.1.617.2,96.5-99.6%,0.98643595
13-Nov-21,VOC,weighted,7,B.1.1.529,,0
13-Nov-21,VOC,weighted,8,B.1.617.2,96.6-99.9%,0.991053641
13-Nov-21,VOC,weighted,8,B.1.1.529,,0
13-Nov-21,VOC,weighted,9,B.1.617.2,95.6-99.9%,0.987782121
13-Nov-21,VOC,weighted,9,B.1.1.529,,0
13-Nov-21,VOC,weighted,10,B.1.617.2,97.3-99.9%,0.99262923
13-Nov-21,VOC,weighted,10,B.1.1.529,,0
13-Nov-21,Other,weighted,USA,Other*,0.9-1.9%,0.013613086
13-Nov-21,Other,weighted,1,Other*,0.1-2.1%,0.006622063
13-Nov-21,Other,weighted,2,Other*,0.3-3.3%,0.013006997
13-Nov-21,Other,weighted,3,Other*,0.3-2.5%,0.010250589
13-Nov-21,Other,weighted,4,Other*,0.9-3.1%,0.017398447
13-Nov-21,Other,weighted,5,Other*,0.7-3.0%,0.015706874
13-Nov-21,Other,weighted,6,Other*,0.8-5.5%,0.024499536
13-Nov-21,Other,weighted,7,Other*,0.4-3.5%,0.013564064
13-Nov-21,Other,weighted,8,Other*,0.1-3.4%,0.008946353
13-Nov-21,Other,weighted,9,Other*,0.1-4.4%,0.012217857
13-Nov-21,Other,weighted,10,Other*,0.1-2.7%,0.007370776
20-Nov-21,VOC,weighted,USA,B.1.617.2,97.7-98.8%,0.983351231
20-Nov-21,VOC,weighted,USA,B.1.1.529,,0
20-Nov-21,VOC,weighted,1,B.1.617.2,97.6-99.9%,0.992708743
20-Nov-21,VOC,weighted,1,B.1.1.529,,0
20-Nov-21,VOC,weighted,2,B.1.617.2,95.4-99.3%,0.979976714
20-Nov-21,VOC,weighted,2,B.1.1.529,,0
20-Nov-21,VOC,weighted,3,B.1.617.2,96.0-99.6%,0.984740973
20-Nov-21,VOC,weighted,3,B.1.1.529,,0
20-Nov-21,VOC,weighted,4,B.1.617.2,95.8-99.1%,0.979086637
20-Nov-21,VOC,weighted,4,B.1.1.529,,0
20-Nov-21,VOC,weighted,5,B.1.617.2,96.7-99.1%,0.982170641
20-Nov-21,VOC,weighted,5,B.1.1.529,,0
20-Nov-21,VOC,weighted,6,B.1.617.2,94.6-99.0%,0.974382937
20-Nov-21,VOC,weighted,6,B.1.1.529,,0
20-Nov-21,VOC,weighted,7,B.1.617.2,95.2-99.3%,0.978580058
20-Nov-21,VOC,weighted,7,B.1.1.529,,0
20-Nov-21,VOC,weighted,8,B.1.617.2,95.3-99.9%,0.988409221
20-Nov-21,VOC,weighted,8,B.1.1.529,,0
20-Nov-21,VOC,weighted,9,B.1.617.2,95.1-99.8%,0.985414326
20-Nov-21,VOC,weighted,9,B.1.1.529,,0
20-Nov-21,VOC,weighted,10,B.1.617.2,97.7-99.9%,0.992620707
20-Nov-21,VOC,weighted,10,B.1.1.529,,0
20-Nov-21,Other,weighted,USA,Other*,1.2-2.3%,0.016648792
20-Nov-21,Other,weighted,1,Other*,0.1-2.4%,0.007291266
20-Nov-21,Other,weighted,2,Other*,0.7-4.6%,0.020023277
20-Nov-21,Other,weighted,3,Other*,0.4-4.0%,0.01525901
20-Nov-21,Other,weighted,4,Other*,0.9-4.2%,0.020913376
20-Nov-21,Other,weighted,5,Other*,0.9-3.3%,0.017829373
20-Nov-21,Other,weighted,6,Other*,1.0-5.4%,0.025617084
20-Nov-21,Other,weighted,7,Other*,0.7-4.8%,0.021419931
20-Nov-21,Other,weighted,8,Other*,0.1-4.7%,0.011590788
20-Nov-21,Other,weighted,9,Other*,0.2-4.9%,0.014585697
20-Nov-21,Other,weighted,10,Other*,0.1-2.3%,0.007379278
27-Nov-21,VOC,weighted,USA,B.1.617.2,99.5-99.8%,0.997008622
27-Nov-21,VOC,weighted,USA,B.1.1.529,0.0-0.1%,0.000514448
27-Nov-21,VOC,weighted,1,B.1.617.2,99.5-100.0%,0.998700678
27-Nov-21,VOC,weighted,1,B.1.1.529,0.0-0.1%,0.000212536
27-Nov-21,VOC,weighted,2,B.1.617.2,97.5-99.9%,0.992252231
27-Nov-21,VOC,weighted,2,B.1.1.529,0.0-1.0%,0.002605251
27-Nov-21,VOC,weighted,3,B.1.617.2,99.0-100.0%,0.997078836
27-Nov-21,VOC,weighted,3,B.1.1.529,0.0-0.5%,0.00116236
27-Nov-21,VOC,weighted,4,B.1.617.2,98.7-100.0%,0.996191919
27-Nov-21,VOC,weighted,4,B.1.1.529,,0
27-Nov-21,VOC,weighted,5,B.1.617.2,99.3-100.0%,0.997585118
27-Nov-21,VOC,weighted,5,B.1.1.529,,0
27-Nov-21,VOC,weighted,6,B.1.617.2,99.2-100.0%,0.99815464
27-Nov-21,VOC,weighted,6,B.1.1.529,,0
27-Nov-21,VOC,weighted,7,B.1.617.2,96.6-99.9%,0.991187334
27-Nov-21,VOC,weighted,7,B.1.1.529,0.0-1.7%,0.002684583
27-Nov-21,VOC,weighted,8,B.1.617.2,99.1-100.0%,0.99863261
27-Nov-21,VOC,weighted,8,B.1.1.529,,0
27-Nov-21,VOC,weighted,9,B.1.617.2,99.2-100.0%,0.998280466
27-Nov-21,VOC,weighted,9,B.1.1.529,0.0-0.1%,0.00021037
27-Nov-21,VOC,weighted,10,B.1.617.2,,1
27-Nov-21,VOC,weighted,10,B.1.1.529,,0
27-Nov-21,Other,weighted,USA,Other*,0.1-0.4%,0.002476946
27-Nov-21,Other,weighted,1,Other*,0.0-0.5%,0.001086767
27-Nov-21,Other,weighted,2,Other*,0.1-1.7%,0.005142546
27-Nov-21,Other,weighted,3,Other*,0.0-0.7%,0.001758779
27-Nov-21,Other,weighted,4,Other*,0.0-1.3%,0.003808077
27-Nov-21,Other,weighted,5,Other*,0.0-0.7%,0.002414868
27-Nov-21,Other,weighted,6,Other*,0.0-0.8%,0.001845357
27-Nov-21,Other,weighted,7,Other*,0.0-3.1%,0.006128088
27-Nov-21,Other,weighted,8,Other*,0.0-0.9%,0.00136738
27-Nov-21,Other,weighted,9,Other*,0.0-0.8%,0.001509149
27-Nov-21,Other,weighted,10,Other*,,0
04-Dec-21,VOC,weighted,USA,B.1.617.2,98.8-99.6%,0.992840946
04-Dec-21,VOC,weighted,USA,B.1.1.529,0.4-1.1%,0.00681087
04-Dec-21,VOC,weighted,1,B.1.617.2,99.5-99.8%,0.996981621
04-Dec-21,VOC,weighted,1,B.1.1.529,0.2-0.5%,0.003018373
04-Dec-21,VOC,weighted,2,B.1.617.2,93.9-99.1%,0.972535491
04-Dec-21,VOC,weighted,2,B.1.1.529,1.0-4.8%,0.0239406
04-Dec-21,VOC,weighted,3,B.1.617.2,98.3-99.9%,0.994375885
04-Dec-21,VOC,weighted,3,B.1.1.529,0.1-1.7%,0.00562413
04-Dec-21,VOC,weighted,4,B.1.617.2,97.2-99.7%,0.988551438
04-Dec-21,VOC,weighted,4,B.1.1.529,0.3-2.7%,0.011023396
04-Dec-21,VOC,weighted,5,B.1.617.2,98.9-99.9%,0.996278405
04-Dec-21,VOC,weighted,5,B.1.1.529,0.1-1.1%,0.003721619
04-Dec-21,VOC,weighted,6,B.1.617.2,91.7-100.0%,0.983830631
04-Dec-21,VOC,weighted,6,B.1.1.529,0.0-8.3%,0.016169347
04-Dec-21,VOC,weighted,7,B.1.617.2,97.1-100.0%,0.996146262
04-Dec-21,VOC,weighted,7,B.1.1.529,0.0-2.9%,0.003853726
04-Dec-21,VOC,weighted,8,B.1.617.2,97.1-100.0%,0.996021688
04-Dec-21,VOC,weighted,8,B.1.1.529,0.0-2.9%,0.003978283
04-Dec-21,VOC,weighted,9,B.1.617.2,99.7-99.9%,0.998478889
04-Dec-21,VOC,weighted,9,B.1.1.529,0.1-0.3%,0.001521089
04-Dec-21,VOC,weighted,10,B.1.617.2,,1
04-Dec-21,VOC,weighted,10,B.1.1.529,,0
04-Dec-21,Other,weighted,USA,Other*,0.0-0.2%,0.00034818
04-Dec-21,Other,weighted,1,Other*,,0
04-Dec-21,Other,weighted,2,Other*,0.0-1.7%,0.003523915
04-Dec-21,Other,weighted,3,Other*,,0
04-Dec-21,Other,weighted,4,Other*,0.0-0.4%,0.000425183
04-Dec-21,Other,weighted,5,Other*,,0
04-Dec-21,Other,weighted,6,Other*,,0
04-Dec-21,Other,weighted,7,Other*,,0
04-Dec-21,Other,weighted,8,Other*,,0
04-Dec-21,Other,weighted,9,Other*,,0
04-Dec-21,Other,weighted,10,Other*,,0
11-Dec-21,VOC,smoothed,USA,B.1.617.2,74.0-94.3%,0.869987607
11-Dec-21,VOC,smoothed,USA,B.1.1.529,5.3-25.7%,0.125627965
11-Dec-21,VOC,smoothed,1,B.1.617.2,89.9-99.8%,0.979101956
11-Dec-21,VOC,smoothed,1,B.1.1.529,0.1-10.2%,0.017426072
11-Dec-21,VOC,smoothed,2,B.1.617.2,41.2-93.2%,0.742101848
11-Dec-21,VOC,smoothed,2,B.1.1.529,6.5-58.6%,0.253662854
11-Dec-21,VOC,smoothed,3,B.1.617.2,74.6-97.9%,0.91271311
11-Dec-21,VOC,smoothed,3,B.1.1.529,2.0-25.2%,0.084080458
11-Dec-21,VOC,smoothed,4,B.1.617.2,33.8-85.1%,0.62535584
11-Dec-21,VOC,smoothed,4,B.1.1.529,14.6-65.9%,0.370086461
11-Dec-21,VOC,smoothed,5,B.1.617.2,51.1-88.8%,0.736886382
11-Dec-21,VOC,smoothed,5,B.1.1.529,10.9-48.6%,0.259303302
11-Dec-21,VOC,smoothed,6,B.1.617.2,45.9-91.3%,0.739999592
11-Dec-21,VOC,smoothed,6,B.1.1.529,8.4-53.3%,0.253879398
11-Dec-21,VOC,smoothed,7,B.1.617.2,89.5-99.9%,0.982218027
11-Dec-21,VOC,smoothed,7,B.1.1.529,0.0-10.5%,0.012789913
11-Dec-21,VOC,smoothed,8,B.1.617.2,78.1-99.4%,0.949012399
11-Dec-21,VOC,smoothed,8,B.1.1.529,0.4-22.2%,0.047075637
11-Dec-21,VOC,smoothed,9,B.1.617.2,87.4-98.6%,0.953857005
11-Dec-21,VOC,smoothed,9,B.1.1.529,1.1-12.0%,0.041328307
11-Dec-21,VOC,smoothed,10,B.1.617.2,15.4-90.7%,0.56448406
11-Dec-21,VOC,smoothed,10,B.1.1.529,9.1-84.7%,0.433721602
11-Dec-21,Other,smoothed,USA,Other*,0.3-0.7%,0.004384414
11-Dec-21,Other,smoothed,1,Other*,0.2-0.6%,0.003471971
11-Dec-21,Other,smoothed,2,Other*,0.2-0.9%,0.004235331
11-Dec-21,Other,smoothed,3,Other*,0.1-0.7%,0.003206404
11-Dec-21,Other,smoothed,4,Other*,0.3-0.8%,0.00455772
11-Dec-21,Other,smoothed,5,Other*,0.2-0.7%,0.003810325
11-Dec-21,Other,smoothed,6,Other*,0.3-1.1%,0.006121029
11-Dec-21,Other,smoothed,7,Other*,0.2-1.3%,0.004992058
11-Dec-21,Other,smoothed,8,Other*,0.2-0.9%,0.003911971
11-Dec-21,Other,smoothed,9,Other*,0.2-1.2%,0.004814679
11-Dec-21,Other,smoothed,10,Other*,0.0-0.5%,0.001794331
18-Dec-21,VOC,smoothed,USA,B.1.617.2,5.1-65.8%,0.266376853
18-Dec-21,VOC,smoothed,USA,B.1.1.529,34.0-94.9%,0.732379377
18-Dec-21,VOC,smoothed,1,B.1.617.2,14.2-95.5%,0.621423841
18-Dec-21,VOC,smoothed,1,B.1.1.529,4.3-85.9%,0.37650907
18-Dec-21,VOC,smoothed,2,B.1.617.2,1.0-30.8%,0.079104505
18-Dec-21,VOC,smoothed,2,B.1.1.529,69.1-99.0%,0.920471966
18-Dec-21,VOC,smoothed,3,B.1.617.2,3.9-64.5%,0.241586715
18-Dec-21,VOC,smoothed,3,B.1.1.529,35.4-96.1%,0.757617176
18-Dec-21,VOC,smoothed,4,B.1.617.2,0.5-21.2%,0.047274657
18-Dec-21,VOC,smoothed,4,B.1.1.529,78.7-99.5%,0.952402115
18-Dec-21,VOC,smoothed,5,B.1.617.2,1.2-28.1%,0.077018268
18-Dec-21,VOC,smoothed,5,B.1.1.529,71.8-98.8%,0.922608137
18-Dec-21,VOC,smoothed,6,B.1.617.2,1.8-24.1%,0.078821287
18-Dec-21,VOC,smoothed,6,B.1.1.529,75.8-98.2%,0.920567095
18-Dec-21,VOC,smoothed,7,B.1.617.2,14.9-98.3%,0.690586209
18-Dec-21,VOC,smoothed,7,B.1.1.529,1.6-85.1%,0.30612132
18-Dec-21,VOC,smoothed,8,B.1.617.2,4.4-84.9%,0.371399373
18-Dec-21,VOC,smoothed,8,B.1.1.529,14.9-95.6%,0.627164483
18-Dec-21,VOC,smoothed,9,B.1.617.2,11.8-76.1%,0.403275371
18-Dec-21,VOC,smoothed,9,B.1.1.529,23.7-88.2%,0.594815135
18-Dec-21,VOC,smoothed,10,B.1.617.2,0.0-26.3%,0.036819905
18-Dec-21,VOC,smoothed,10,B.1.1.529,73.6-100.0%,0.963070333
18-Dec-21,Other,smoothed,USA,Other*,0.0-0.4%,0.001243799
18-Dec-21,Other,smoothed,1,Other*,0.1-0.4%,0.002067126
18-Dec-21,Other,smoothed,2,Other*,0.0-0.2%,0.000423503
18-Dec-21,Other,smoothed,3,Other*,0.0-0.3%,0.000796137
18-Dec-21,Other,smoothed,4,Other*,0.0-0.1%,0.000323206
18-Dec-21,Other,smoothed,5,Other*,0.0-0.1%,0.000373582
18-Dec-21,Other,smoothed,6,Other*,0.0-0.2%,0.0006116
18-Dec-21,Other,smoothed,7,Other*,0.2-0.7%,0.00329246
18-Dec-21,Other,smoothed,8,Other*,0.0-0.6%,0.001436137
18-Dec-21,Other,smoothed,9,Other*,0.1-0.5%,0.001909487
18-Dec-21,Other,smoothed,10,Other*,0.0-0.1%,0.00010979
